<annotation>
	<folder>2</folder>
	<filename>249851db-27c5-4304-8e04-445d0fe69710.jpg</filename>
	<path>D:\разметка\19\2\249851db-27c5-4304-8e04-445d0fe69710.jpg</path>
	<source>
		<database>Unknown</database>
	</source>
	<size>
		<width>1920</width>
		<height>1080</height>
		<depth>3</depth>
	</size>
	<segmented>0</segmented>
	<object>
		<name>PLATE_CA38277</name>
		<pose>Unspecified</pose>
		<truncated>0</truncated>
		<difficult>0</difficult>
		<bndbox>
			<xmin>175</xmin>
			<ymin>133</ymin>
			<xmax>248</xmax>
			<ymax>157</ymax>
		</bndbox>
	</object>
	<object>
		<name>PLATE_K912CT199</name>
		<pose>Unspecified</pose>
		<truncated>0</truncated>
		<difficult>0</difficult>
		<bndbox>
			<xmin>417</xmin>
			<ymin>450</ymin>
			<xmax>524</xmax>
			<ymax>484</ymax>
		</bndbox>
	</object>
</annotation>
