<annotation>
	<folder>4</folder>
	<filename>42e8f6ed-ef72-491e-940d-097a137f4f6d.jpg</filename>
	<path>D:\GIMP\4\42e8f6ed-ef72-491e-940d-097a137f4f6d.jpg</path>
	<source>
		<database>Unknown</database>
	</source>
	<size>
		<width>1920</width>
		<height>1080</height>
		<depth>3</depth>
	</size>
	<segmented>0</segmented>
	<object>
		<name>PLATE_XY70677</name>
		<pose>Unspecified</pose>
		<truncated>0</truncated>
		<difficult>0</difficult>
		<bndbox>
			<xmin>1065</xmin>
			<ymin>268</ymin>
			<xmax>1139</xmax>
			<ymax>285</ymax>
		</bndbox>
	</object>
	<object>
		<name>PLATE_M576AP797</name>
		<pose>Unspecified</pose>
		<truncated>0</truncated>
		<difficult>0</difficult>
		<bndbox>
			<xmin>1440</xmin>
			<ymin>227</ymin>
			<xmax>1515</xmax>
			<ymax>245</ymax>
		</bndbox>
	</object>
</annotation>
