<annotation>
	<folder>1</folder>
	<filename>6c10dcd6-effa-48df-9588-406b1ef4eb40.jpg</filename>
	<path>C:\Users\ЗАЙЦЫ\Desktop\1\6c10dcd6-effa-48df-9588-406b1ef4eb40.jpg</path>
	<source>
		<database>Unknown</database>
	</source>
	<size>
		<width>1920</width>
		<height>1080</height>
		<depth>3</depth>
	</size>
	<segmented>0</segmented>
	<object>
		<name>PLATE_XY85177</name>
		<pose>Unspecified</pose>
		<truncated>0</truncated>
		<difficult>0</difficult>
		<bndbox>
			<xmin>1163</xmin>
			<ymin>572</ymin>
			<xmax>1262</xmax>
			<ymax>598</ymax>
		</bndbox>
	</object>
	<object>
		<name>PLATE_A195YB777</name>
		<pose>Unspecified</pose>
		<truncated>0</truncated>
		<difficult>0</difficult>
		<bndbox>
			<xmin>801</xmin>
			<ymin>911</ymin>
			<xmax>926</xmax>
			<ymax>943</ymax>
		</bndbox>
	</object>
</annotation>
